Comment,Designator,Footprint,LCSC
"Conn_01x13_Pin","J2","Connector_PinHeader_2.54mm:PinHeader_1x13_P2.54mm_Vertical",""
"PN2907A","Q1,Q2,Q3,Q4,Q5,Q6,Q7,Q8","Package_TO_SOT_THT:TO-92L_Inline",""
"47","R1,R2,R3,R4,R5,R6,R7,R8","Resistor_SMD:R_1206_3216Metric",""
"150","R9,R10,R11,R12,R13,R14,R15,R16","Resistor_SMD:R_1210_3225Metric",""
"TDCR1050M","U1,U2","TDCR1050M:TDCG1060M_VIS",""
"TLC59211IPWR","U3","Package_SO:TSSOP-20_4.4x6.5mm_P0.65mm",""
"74HC138","U4","Package_SO:SOIC-16_3.9x9.9mm_P1.27mm",""