<?xml version="1.0" encoding="UTF-8"?>
<export version="E">
  <design>
    <source>\\wsl.localhost\Ubuntu\home\nirajmmenon\ece362\sp25\7-seg-card\7-seg-driver.kicad_sch</source>
    <date>2024-11-30T03:23:59-0500</date>
    <tool>Eeschema 8.0.6</tool>
    <sheet number="1" name="/" tstamps="/">
      <title_block>
        <title/>
        <company/>
        <rev/>
        <date/>
        <source>7-seg-driver.kicad_sch</source>
        <comment number="1" value=""/>
        <comment number="2" value=""/>
        <comment number="3" value=""/>
        <comment number="4" value=""/>
        <comment number="5" value=""/>
        <comment number="6" value=""/>
        <comment number="7" value=""/>
        <comment number="8" value=""/>
        <comment number="9" value=""/>
      </title_block>
    </sheet>
  </design>
  <components>
    <comp ref="J2">
      <value>Conn_01x13_Pin</value>
      <footprint>Connector_PinHeader_2.54mm:PinHeader_1x13_P2.54mm_Vertical</footprint>
      <fields>
        <field name="Footprint">Connector_PinHeader_2.54mm:PinHeader_1x13_P2.54mm_Vertical</field>
        <field name="Datasheet"/>
        <field name="Description"/>
      </fields>
      <libsource lib="Connector" part="Conn_01x13_Pin" description="Generic connector, single row, 01x13, script generated"/>
      <property name="Sheetname" value="Root"/>
      <property name="Sheetfile" value="7-seg-driver.kicad_sch"/>
      <property name="ki_keywords" value="connector"/>
      <property name="ki_fp_filters" value="Connector*:*_1x??_*"/>
      <sheetpath names="/" tstamps="/"/>
      <tstamps>fbd542da-aa7a-494f-8df5-e26c460f5071</tstamps>
    </comp>
    <comp ref="R1">
      <value>47</value>
      <footprint>Resistor_SMD:R_1206_3216Metric</footprint>
      <fields>
        <field name="Footprint">Resistor_SMD:R_1206_3216Metric</field>
        <field name="Datasheet"/>
        <field name="Description"/>
      </fields>
      <libsource lib="Device" part="R_US" description="Resistor, US symbol"/>
      <property name="Sheetname" value="Root"/>
      <property name="Sheetfile" value="7-seg-driver.kicad_sch"/>
      <property name="ki_keywords" value="R res resistor"/>
      <property name="ki_fp_filters" value="R_*"/>
      <sheetpath names="/" tstamps="/"/>
      <tstamps>e0c3d04a-e118-48b1-b4a0-5d31448085cf</tstamps>
    </comp>
    <comp ref="R2">
      <value>47</value>
      <footprint>Resistor_SMD:R_1206_3216Metric</footprint>
      <fields>
        <field name="Footprint">Resistor_SMD:R_1206_3216Metric</field>
        <field name="Datasheet"/>
        <field name="Description"/>
      </fields>
      <libsource lib="Device" part="R_US" description="Resistor, US symbol"/>
      <property name="Sheetname" value="Root"/>
      <property name="Sheetfile" value="7-seg-driver.kicad_sch"/>
      <property name="ki_keywords" value="R res resistor"/>
      <property name="ki_fp_filters" value="R_*"/>
      <sheetpath names="/" tstamps="/"/>
      <tstamps>f7da8739-35a6-4c51-a2e8-3add94e11322</tstamps>
    </comp>
    <comp ref="R3">
      <value>47</value>
      <footprint>Resistor_SMD:R_1206_3216Metric</footprint>
      <fields>
        <field name="Footprint">Resistor_SMD:R_1206_3216Metric</field>
        <field name="Datasheet"/>
        <field name="Description"/>
      </fields>
      <libsource lib="Device" part="R_US" description="Resistor, US symbol"/>
      <property name="Sheetname" value="Root"/>
      <property name="Sheetfile" value="7-seg-driver.kicad_sch"/>
      <property name="ki_keywords" value="R res resistor"/>
      <property name="ki_fp_filters" value="R_*"/>
      <sheetpath names="/" tstamps="/"/>
      <tstamps>e9e8cc19-e1ff-4d9e-a373-b223dd87cb5b</tstamps>
    </comp>
    <comp ref="R4">
      <value>47</value>
      <footprint>Resistor_SMD:R_1206_3216Metric</footprint>
      <fields>
        <field name="Footprint">Resistor_SMD:R_1206_3216Metric</field>
        <field name="Datasheet"/>
        <field name="Description"/>
      </fields>
      <libsource lib="Device" part="R_US" description="Resistor, US symbol"/>
      <property name="Sheetname" value="Root"/>
      <property name="Sheetfile" value="7-seg-driver.kicad_sch"/>
      <property name="ki_keywords" value="R res resistor"/>
      <property name="ki_fp_filters" value="R_*"/>
      <sheetpath names="/" tstamps="/"/>
      <tstamps>a565b0ce-a375-480b-acd4-101740b9249a</tstamps>
    </comp>
    <comp ref="R5">
      <value>47</value>
      <footprint>Resistor_SMD:R_1206_3216Metric</footprint>
      <fields>
        <field name="Footprint">Resistor_SMD:R_1206_3216Metric</field>
        <field name="Datasheet"/>
        <field name="Description"/>
      </fields>
      <libsource lib="Device" part="R_US" description="Resistor, US symbol"/>
      <property name="Sheetname" value="Root"/>
      <property name="Sheetfile" value="7-seg-driver.kicad_sch"/>
      <property name="ki_keywords" value="R res resistor"/>
      <property name="ki_fp_filters" value="R_*"/>
      <sheetpath names="/" tstamps="/"/>
      <tstamps>fa1f53a7-4944-497a-826d-4c0c0b34f791</tstamps>
    </comp>
    <comp ref="R6">
      <value>47</value>
      <footprint>Resistor_SMD:R_1206_3216Metric</footprint>
      <fields>
        <field name="Footprint">Resistor_SMD:R_1206_3216Metric</field>
        <field name="Datasheet"/>
        <field name="Description"/>
      </fields>
      <libsource lib="Device" part="R_US" description="Resistor, US symbol"/>
      <property name="Sheetname" value="Root"/>
      <property name="Sheetfile" value="7-seg-driver.kicad_sch"/>
      <property name="ki_keywords" value="R res resistor"/>
      <property name="ki_fp_filters" value="R_*"/>
      <sheetpath names="/" tstamps="/"/>
      <tstamps>f2d702f5-078d-4394-a0c0-4250498d96e2</tstamps>
    </comp>
    <comp ref="R7">
      <value>47</value>
      <footprint>Resistor_SMD:R_1206_3216Metric</footprint>
      <fields>
        <field name="Footprint">Resistor_SMD:R_1206_3216Metric</field>
        <field name="Datasheet"/>
        <field name="Description"/>
      </fields>
      <libsource lib="Device" part="R_US" description="Resistor, US symbol"/>
      <property name="Sheetname" value="Root"/>
      <property name="Sheetfile" value="7-seg-driver.kicad_sch"/>
      <property name="ki_keywords" value="R res resistor"/>
      <property name="ki_fp_filters" value="R_*"/>
      <sheetpath names="/" tstamps="/"/>
      <tstamps>2bba550e-66b7-4485-ba85-b9e8960f51c1</tstamps>
    </comp>
    <comp ref="R8">
      <value>47</value>
      <footprint>Resistor_SMD:R_1206_3216Metric</footprint>
      <fields>
        <field name="Footprint">Resistor_SMD:R_1206_3216Metric</field>
        <field name="Datasheet"/>
        <field name="Description"/>
      </fields>
      <libsource lib="Device" part="R_US" description="Resistor, US symbol"/>
      <property name="Sheetname" value="Root"/>
      <property name="Sheetfile" value="7-seg-driver.kicad_sch"/>
      <property name="ki_keywords" value="R res resistor"/>
      <property name="ki_fp_filters" value="R_*"/>
      <sheetpath names="/" tstamps="/"/>
      <tstamps>758e7cbc-f652-443f-a771-4f0424b4a4b4</tstamps>
    </comp>
    <comp ref="R9">
      <value>150</value>
      <footprint>Resistor_SMD:R_1210_3225Metric</footprint>
      <fields>
        <field name="Footprint">Resistor_SMD:R_1210_3225Metric</field>
        <field name="Datasheet"/>
        <field name="Description"/>
      </fields>
      <libsource lib="Device" part="R_US" description="Resistor, US symbol"/>
      <property name="Sheetname" value="Root"/>
      <property name="Sheetfile" value="7-seg-driver.kicad_sch"/>
      <property name="ki_keywords" value="R res resistor"/>
      <property name="ki_fp_filters" value="R_*"/>
      <sheetpath names="/" tstamps="/"/>
      <tstamps>51172975-27db-4999-968d-6439177cbdef</tstamps>
    </comp>
    <comp ref="R10">
      <value>150</value>
      <footprint>Resistor_SMD:R_1210_3225Metric</footprint>
      <fields>
        <field name="Footprint">Resistor_SMD:R_1210_3225Metric</field>
        <field name="Datasheet"/>
        <field name="Description"/>
      </fields>
      <libsource lib="Device" part="R_US" description="Resistor, US symbol"/>
      <property name="Sheetname" value="Root"/>
      <property name="Sheetfile" value="7-seg-driver.kicad_sch"/>
      <property name="ki_keywords" value="R res resistor"/>
      <property name="ki_fp_filters" value="R_*"/>
      <sheetpath names="/" tstamps="/"/>
      <tstamps>41c9bb3e-05ad-4aad-ba5c-b7fd71fd854f</tstamps>
    </comp>
    <comp ref="R11">
      <value>150</value>
      <footprint>Resistor_SMD:R_1210_3225Metric</footprint>
      <fields>
        <field name="Footprint">Resistor_SMD:R_1210_3225Metric</field>
        <field name="Datasheet"/>
        <field name="Description"/>
      </fields>
      <libsource lib="Device" part="R_US" description="Resistor, US symbol"/>
      <property name="Sheetname" value="Root"/>
      <property name="Sheetfile" value="7-seg-driver.kicad_sch"/>
      <property name="ki_keywords" value="R res resistor"/>
      <property name="ki_fp_filters" value="R_*"/>
      <sheetpath names="/" tstamps="/"/>
      <tstamps>eda5b920-839a-4c79-b68e-b2a1c8d0429a</tstamps>
    </comp>
    <comp ref="R12">
      <value>150</value>
      <footprint>Resistor_SMD:R_1210_3225Metric</footprint>
      <fields>
        <field name="Footprint">Resistor_SMD:R_1210_3225Metric</field>
        <field name="Datasheet"/>
        <field name="Description"/>
      </fields>
      <libsource lib="Device" part="R_US" description="Resistor, US symbol"/>
      <property name="Sheetname" value="Root"/>
      <property name="Sheetfile" value="7-seg-driver.kicad_sch"/>
      <property name="ki_keywords" value="R res resistor"/>
      <property name="ki_fp_filters" value="R_*"/>
      <sheetpath names="/" tstamps="/"/>
      <tstamps>08093c48-cb81-4ae6-ad12-750fc208135b</tstamps>
    </comp>
    <comp ref="R13">
      <value>150</value>
      <footprint>Resistor_SMD:R_1210_3225Metric</footprint>
      <fields>
        <field name="Footprint">Resistor_SMD:R_1210_3225Metric</field>
        <field name="Datasheet"/>
        <field name="Description"/>
      </fields>
      <libsource lib="Device" part="R_US" description="Resistor, US symbol"/>
      <property name="Sheetname" value="Root"/>
      <property name="Sheetfile" value="7-seg-driver.kicad_sch"/>
      <property name="ki_keywords" value="R res resistor"/>
      <property name="ki_fp_filters" value="R_*"/>
      <sheetpath names="/" tstamps="/"/>
      <tstamps>7bee3446-7db1-429d-b602-0de8a8298ff4</tstamps>
    </comp>
    <comp ref="R14">
      <value>150</value>
      <footprint>Resistor_SMD:R_1210_3225Metric</footprint>
      <fields>
        <field name="Footprint">Resistor_SMD:R_1210_3225Metric</field>
        <field name="Datasheet"/>
        <field name="Description"/>
      </fields>
      <libsource lib="Device" part="R_US" description="Resistor, US symbol"/>
      <property name="Sheetname" value="Root"/>
      <property name="Sheetfile" value="7-seg-driver.kicad_sch"/>
      <property name="ki_keywords" value="R res resistor"/>
      <property name="ki_fp_filters" value="R_*"/>
      <sheetpath names="/" tstamps="/"/>
      <tstamps>9b92a587-9f82-43e0-8114-4c485071d6fe</tstamps>
    </comp>
    <comp ref="R15">
      <value>150</value>
      <footprint>Resistor_SMD:R_1210_3225Metric</footprint>
      <fields>
        <field name="Footprint">Resistor_SMD:R_1210_3225Metric</field>
        <field name="Datasheet"/>
        <field name="Description"/>
      </fields>
      <libsource lib="Device" part="R_US" description="Resistor, US symbol"/>
      <property name="Sheetname" value="Root"/>
      <property name="Sheetfile" value="7-seg-driver.kicad_sch"/>
      <property name="ki_keywords" value="R res resistor"/>
      <property name="ki_fp_filters" value="R_*"/>
      <sheetpath names="/" tstamps="/"/>
      <tstamps>d5639448-59cc-4a4c-ba40-2489e14c4be6</tstamps>
    </comp>
    <comp ref="R16">
      <value>150</value>
      <footprint>Resistor_SMD:R_1210_3225Metric</footprint>
      <fields>
        <field name="Footprint">Resistor_SMD:R_1210_3225Metric</field>
        <field name="Datasheet"/>
        <field name="Description"/>
      </fields>
      <libsource lib="Device" part="R_US" description="Resistor, US symbol"/>
      <property name="Sheetname" value="Root"/>
      <property name="Sheetfile" value="7-seg-driver.kicad_sch"/>
      <property name="ki_keywords" value="R res resistor"/>
      <property name="ki_fp_filters" value="R_*"/>
      <sheetpath names="/" tstamps="/"/>
      <tstamps>4d7c8915-44d2-464a-938c-666ef54ec455</tstamps>
    </comp>
    <comp ref="U1">
      <value>TDCR1050M</value>
      <footprint>TDCR1050M:TDCG1060M_VIS</footprint>
      <datasheet>http://optoelectronics.liteon.com/upload/download/DS30-2000-186/LTC-4627JS.pdf</datasheet>
      <fields>
        <field name="Footprint">TDCR1050M:TDCG1060M_VIS</field>
        <field name="Datasheet">http://optoelectronics.liteon.com/upload/download/DS30-2000-186/LTC-4627JS.pdf</field>
        <field name="Description"/>
      </fields>
      <libsource lib="Display_Character" part="LTC-4627JS" description="4 digit 7 segment yellow, common anode"/>
      <property name="Sheetname" value="Root"/>
      <property name="Sheetfile" value="7-seg-driver.kicad_sch"/>
      <property name="ki_keywords" value="display LED 7-segment"/>
      <property name="ki_fp_filters" value="LTC?4627J*"/>
      <sheetpath names="/" tstamps="/"/>
      <tstamps>3c1697ff-8a0d-4f89-9ab0-6acec9e983ab</tstamps>
    </comp>
    <comp ref="U2">
      <value>TDCR1050M</value>
      <footprint>TDCR1050M:TDCG1060M_VIS</footprint>
      <datasheet>http://optoelectronics.liteon.com/upload/download/DS30-2000-186/LTC-4627JS.pdf</datasheet>
      <fields>
        <field name="Footprint">TDCR1050M:TDCG1060M_VIS</field>
        <field name="Datasheet">http://optoelectronics.liteon.com/upload/download/DS30-2000-186/LTC-4627JS.pdf</field>
        <field name="Description"/>
      </fields>
      <libsource lib="Display_Character" part="LTC-4627JS" description="4 digit 7 segment yellow, common anode"/>
      <property name="Sheetname" value="Root"/>
      <property name="Sheetfile" value="7-seg-driver.kicad_sch"/>
      <property name="ki_keywords" value="display LED 7-segment"/>
      <property name="ki_fp_filters" value="LTC?4627J*"/>
      <sheetpath names="/" tstamps="/"/>
      <tstamps>2b19bbad-b763-48d5-bcda-fc45fc6baf25</tstamps>
    </comp>
    <comp ref="U3">
      <value>TLC59211IPWR</value>
      <footprint>Package_SO:TSSOP-20_4.4x6.5mm_P0.65mm</footprint>
      <datasheet>TLC59211IPWR</datasheet>
      <fields>
        <field name="Footprint">Package_SO:TSSOP-20_4.4x6.5mm_P0.65mm</field>
        <field name="Datasheet">TLC59211IPWR</field>
        <field name="Description"/>
      </fields>
      <libsource lib="TLC59211IN" part="TLC59211IPWR" description=""/>
      <property name="Sheetname" value="Root"/>
      <property name="Sheetfile" value="7-seg-driver.kicad_sch"/>
      <property name="ki_keywords" value="TLC59211IPWR"/>
      <property name="ki_fp_filters" value="PW20 PW20-M PW20-L"/>
      <sheetpath names="/" tstamps="/"/>
      <tstamps>4845a3cc-4ee8-4966-a764-ae9a70da3004</tstamps>
    </comp>
    <comp ref="U4">
      <value>74HC138</value>
      <footprint>Package_SO:SOIC-16_3.9x9.9mm_P1.27mm</footprint>
      <datasheet>http://www.ti.com/lit/ds/symlink/cd74hc238.pdf</datasheet>
      <fields>
        <field name="Footprint">Package_SO:SOIC-16_3.9x9.9mm_P1.27mm</field>
        <field name="Datasheet">http://www.ti.com/lit/ds/symlink/cd74hc238.pdf</field>
        <field name="Description"/>
      </fields>
      <libsource lib="74xx" part="74HC138" description="3-to-8 line decoder/multiplexer inverting, DIP-16/SOIC-16/SSOP-16"/>
      <property name="Sheetname" value="Root"/>
      <property name="Sheetfile" value="7-seg-driver.kicad_sch"/>
      <property name="ki_keywords" value="demux"/>
      <property name="ki_fp_filters" value="DIP*W7.62mm* SOIC*3.9x9.9mm*P1.27mm* SSOP*5.3x6.2mm*P0.65mm*"/>
      <sheetpath names="/" tstamps="/"/>
      <tstamps>6f4d91c1-255c-4d6a-8fc1-a566befe792a</tstamps>
    </comp>
    <comp ref="U5">
      <value>MMBT3906LT1G</value>
      <footprint>MMBT3906LT1G:SOT-23_ONS</footprint>
      <datasheet>MMBT3906LT1G</datasheet>
      <fields>
        <field name="Footprint">MMBT3906LT1G:SOT-23_ONS</field>
        <field name="Datasheet">MMBT3906LT1G</field>
        <field name="Description"/>
      </fields>
      <libsource lib="MMBT3906LT1G" part="MMBT3906LT1G" description=""/>
      <property name="Sheetname" value="Root"/>
      <property name="Sheetfile" value="7-seg-driver.kicad_sch"/>
      <property name="ki_keywords" value="MMBT3906LT1G"/>
      <property name="ki_fp_filters" value="SOT-23_ONS SOT-23_ONS-M SOT-23_ONS-L"/>
      <sheetpath names="/" tstamps="/"/>
      <tstamps>66bddbb9-5345-43f0-9555-4fbe2adbc9da</tstamps>
    </comp>
    <comp ref="U6">
      <value>MMBT3906LT1G</value>
      <footprint>MMBT3906LT1G:SOT-23_ONS</footprint>
      <datasheet>MMBT3906LT1G</datasheet>
      <fields>
        <field name="Footprint">MMBT3906LT1G:SOT-23_ONS</field>
        <field name="Datasheet">MMBT3906LT1G</field>
        <field name="Description"/>
      </fields>
      <libsource lib="MMBT3906LT1G" part="MMBT3906LT1G" description=""/>
      <property name="Sheetname" value="Root"/>
      <property name="Sheetfile" value="7-seg-driver.kicad_sch"/>
      <property name="ki_keywords" value="MMBT3906LT1G"/>
      <property name="ki_fp_filters" value="SOT-23_ONS SOT-23_ONS-M SOT-23_ONS-L"/>
      <sheetpath names="/" tstamps="/"/>
      <tstamps>876256f2-2feb-45e4-94c8-4f8c6eda457c</tstamps>
    </comp>
    <comp ref="U7">
      <value>MMBT3906LT1G</value>
      <footprint>MMBT3906LT1G:SOT-23_ONS</footprint>
      <datasheet>MMBT3906LT1G</datasheet>
      <fields>
        <field name="Footprint">MMBT3906LT1G:SOT-23_ONS</field>
        <field name="Datasheet">MMBT3906LT1G</field>
        <field name="Description"/>
      </fields>
      <libsource lib="MMBT3906LT1G" part="MMBT3906LT1G" description=""/>
      <property name="Sheetname" value="Root"/>
      <property name="Sheetfile" value="7-seg-driver.kicad_sch"/>
      <property name="ki_keywords" value="MMBT3906LT1G"/>
      <property name="ki_fp_filters" value="SOT-23_ONS SOT-23_ONS-M SOT-23_ONS-L"/>
      <sheetpath names="/" tstamps="/"/>
      <tstamps>1143fa12-4209-4837-9a9c-bd7c60da836d</tstamps>
    </comp>
    <comp ref="U8">
      <value>MMBT3906LT1G</value>
      <footprint>MMBT3906LT1G:SOT-23_ONS</footprint>
      <datasheet>MMBT3906LT1G</datasheet>
      <fields>
        <field name="Footprint">MMBT3906LT1G:SOT-23_ONS</field>
        <field name="Datasheet">MMBT3906LT1G</field>
        <field name="Description"/>
      </fields>
      <libsource lib="MMBT3906LT1G" part="MMBT3906LT1G" description=""/>
      <property name="Sheetname" value="Root"/>
      <property name="Sheetfile" value="7-seg-driver.kicad_sch"/>
      <property name="ki_keywords" value="MMBT3906LT1G"/>
      <property name="ki_fp_filters" value="SOT-23_ONS SOT-23_ONS-M SOT-23_ONS-L"/>
      <sheetpath names="/" tstamps="/"/>
      <tstamps>807d6541-2287-4c38-8cfb-aecb00fe6ff2</tstamps>
    </comp>
    <comp ref="U9">
      <value>MMBT3906LT1G</value>
      <footprint>MMBT3906LT1G:SOT-23_ONS</footprint>
      <datasheet>MMBT3906LT1G</datasheet>
      <fields>
        <field name="Footprint">MMBT3906LT1G:SOT-23_ONS</field>
        <field name="Datasheet">MMBT3906LT1G</field>
        <field name="Description"/>
      </fields>
      <libsource lib="MMBT3906LT1G" part="MMBT3906LT1G" description=""/>
      <property name="Sheetname" value="Root"/>
      <property name="Sheetfile" value="7-seg-driver.kicad_sch"/>
      <property name="ki_keywords" value="MMBT3906LT1G"/>
      <property name="ki_fp_filters" value="SOT-23_ONS SOT-23_ONS-M SOT-23_ONS-L"/>
      <sheetpath names="/" tstamps="/"/>
      <tstamps>b2be98f9-a050-47ff-8950-6b5f47d09143</tstamps>
    </comp>
    <comp ref="U10">
      <value>MMBT3906LT1G</value>
      <footprint>MMBT3906LT1G:SOT-23_ONS</footprint>
      <datasheet>MMBT3906LT1G</datasheet>
      <fields>
        <field name="Footprint">MMBT3906LT1G:SOT-23_ONS</field>
        <field name="Datasheet">MMBT3906LT1G</field>
        <field name="Description"/>
      </fields>
      <libsource lib="MMBT3906LT1G" part="MMBT3906LT1G" description=""/>
      <property name="Sheetname" value="Root"/>
      <property name="Sheetfile" value="7-seg-driver.kicad_sch"/>
      <property name="ki_keywords" value="MMBT3906LT1G"/>
      <property name="ki_fp_filters" value="SOT-23_ONS SOT-23_ONS-M SOT-23_ONS-L"/>
      <sheetpath names="/" tstamps="/"/>
      <tstamps>16e7d31a-83ae-4817-9df9-351fe08a0d5c</tstamps>
    </comp>
    <comp ref="U11">
      <value>MMBT3906LT1G</value>
      <footprint>MMBT3906LT1G:SOT-23_ONS</footprint>
      <datasheet>MMBT3906LT1G</datasheet>
      <fields>
        <field name="Footprint">MMBT3906LT1G:SOT-23_ONS</field>
        <field name="Datasheet">MMBT3906LT1G</field>
        <field name="Description"/>
      </fields>
      <libsource lib="MMBT3906LT1G" part="MMBT3906LT1G" description=""/>
      <property name="Sheetname" value="Root"/>
      <property name="Sheetfile" value="7-seg-driver.kicad_sch"/>
      <property name="ki_keywords" value="MMBT3906LT1G"/>
      <property name="ki_fp_filters" value="SOT-23_ONS SOT-23_ONS-M SOT-23_ONS-L"/>
      <sheetpath names="/" tstamps="/"/>
      <tstamps>50f995a2-bd54-4e52-adb7-5d1d655e5b1c</tstamps>
    </comp>
    <comp ref="U12">
      <value>MMBT3906LT1G</value>
      <footprint>MMBT3906LT1G:SOT-23_ONS</footprint>
      <datasheet>MMBT3906LT1G</datasheet>
      <fields>
        <field name="Footprint">MMBT3906LT1G:SOT-23_ONS</field>
        <field name="Datasheet">MMBT3906LT1G</field>
        <field name="Description"/>
      </fields>
      <libsource lib="MMBT3906LT1G" part="MMBT3906LT1G" description=""/>
      <property name="Sheetname" value="Root"/>
      <property name="Sheetfile" value="7-seg-driver.kicad_sch"/>
      <property name="ki_keywords" value="MMBT3906LT1G"/>
      <property name="ki_fp_filters" value="SOT-23_ONS SOT-23_ONS-M SOT-23_ONS-L"/>
      <sheetpath names="/" tstamps="/"/>
      <tstamps>7ff2fcd2-3794-4476-9939-4e77e39f5bd8</tstamps>
    </comp>
  </components>
  <libparts>
    <libpart lib="74xx" part="74HC138">
      <description>3-to-8 line decoder/multiplexer inverting, DIP-16/SOIC-16/SSOP-16</description>
      <docs>http://www.ti.com/lit/ds/symlink/cd74hc238.pdf</docs>
      <footprints>
        <fp>DIP*W7.62mm*</fp>
        <fp>SOIC*3.9x9.9mm*P1.27mm*</fp>
        <fp>SSOP*5.3x6.2mm*P0.65mm*</fp>
      </footprints>
      <fields>
        <field name="Reference">U</field>
        <field name="Value">74HC138</field>
        <field name="Footprint"/>
        <field name="Datasheet">http://www.ti.com/lit/ds/symlink/cd74hc238.pdf</field>
        <field name="Description">3-to-8 line decoder/multiplexer inverting, DIP-16/SOIC-16/SSOP-16</field>
      </fields>
      <pins>
        <pin num="1" name="A0" type="input"/>
        <pin num="2" name="A1" type="input"/>
        <pin num="3" name="A2" type="input"/>
        <pin num="4" name="~{E0}" type="input"/>
        <pin num="5" name="~{E1}" type="input"/>
        <pin num="6" name="E2" type="input"/>
        <pin num="7" name="~{Y7}" type="output"/>
        <pin num="8" name="GND" type="power_in"/>
        <pin num="9" name="~{Y6}" type="output"/>
        <pin num="10" name="~{Y5}" type="output"/>
        <pin num="11" name="~{Y4}" type="output"/>
        <pin num="12" name="~{Y3}" type="output"/>
        <pin num="13" name="~{Y2}" type="output"/>
        <pin num="14" name="~{Y1}" type="output"/>
        <pin num="15" name="~{Y0}" type="output"/>
        <pin num="16" name="VCC" type="power_in"/>
      </pins>
    </libpart>
    <libpart lib="Connector" part="Conn_01x13_Pin">
      <description>Generic connector, single row, 01x13, script generated</description>
      <docs>~</docs>
      <footprints>
        <fp>Connector*:*_1x??_*</fp>
      </footprints>
      <fields>
        <field name="Reference">J</field>
        <field name="Value">Conn_01x13_Pin</field>
        <field name="Footprint"/>
        <field name="Datasheet">~</field>
        <field name="Description">Generic connector, single row, 01x13, script generated</field>
      </fields>
      <pins>
        <pin num="1" name="Pin_1" type="passive"/>
        <pin num="2" name="Pin_2" type="passive"/>
        <pin num="3" name="Pin_3" type="passive"/>
        <pin num="4" name="Pin_4" type="passive"/>
        <pin num="5" name="Pin_5" type="passive"/>
        <pin num="6" name="Pin_6" type="passive"/>
        <pin num="7" name="Pin_7" type="passive"/>
        <pin num="8" name="Pin_8" type="passive"/>
        <pin num="9" name="Pin_9" type="passive"/>
        <pin num="10" name="Pin_10" type="passive"/>
        <pin num="11" name="Pin_11" type="passive"/>
        <pin num="12" name="Pin_12" type="passive"/>
        <pin num="13" name="Pin_13" type="passive"/>
      </pins>
    </libpart>
    <libpart lib="Device" part="R_US">
      <description>Resistor, US symbol</description>
      <docs>~</docs>
      <footprints>
        <fp>R_*</fp>
      </footprints>
      <fields>
        <field name="Reference">R</field>
        <field name="Value">R_US</field>
        <field name="Footprint"/>
        <field name="Datasheet">~</field>
        <field name="Description">Resistor, US symbol</field>
      </fields>
      <pins>
        <pin num="1" name="" type="passive"/>
        <pin num="2" name="" type="passive"/>
      </pins>
    </libpart>
    <libpart lib="Display_Character" part="LTC-4627JS">
      <description>4 digit 7 segment yellow, common anode</description>
      <docs>http://optoelectronics.liteon.com/upload/download/DS30-2000-186/LTC-4627JS.pdf</docs>
      <footprints>
        <fp>LTC?4627J*</fp>
      </footprints>
      <fields>
        <field name="Reference">U1</field>
        <field name="Value">TDCR1050M</field>
        <field name="Footprint">Display_7Segment:LTC-4627Jx</field>
        <field name="Datasheet">http://optoelectronics.liteon.com/upload/download/DS30-2000-186/LTC-4627JS.pdf</field>
        <field name="Description">4 digit 7 segment yellow, common anode</field>
      </fields>
      <pins>
        <pin num="1" name="D1" type="input"/>
        <pin num="2" name="D2" type="input"/>
        <pin num="3" name="D" type="output"/>
        <pin num="4" name="L12A" type="input"/>
        <pin num="5" name="E" type="output"/>
        <pin num="6" name="D3" type="input"/>
        <pin num="7" name="DP" type="output"/>
        <pin num="8" name="D4" type="input"/>
        <pin num="9" name="L3C" type="output"/>
        <pin num="10" name="L3A" type="input"/>
        <pin num="11" name="F" type="output"/>
        <pin num="12" name="L12C" type="output"/>
        <pin num="13" name="C" type="output"/>
        <pin num="14" name="A" type="output"/>
        <pin num="15" name="G" type="output"/>
        <pin num="16" name="B" type="output"/>
      </pins>
    </libpart>
    <libpart lib="MMBT3906LT1G" part="MMBT3906LT1G">
      <docs>MMBT3906LT1G</docs>
      <footprints>
        <fp>SOT-23_ONS</fp>
        <fp>SOT-23_ONS-M</fp>
        <fp>SOT-23_ONS-L</fp>
      </footprints>
      <fields>
        <field name="Reference">U</field>
        <field name="Value">MMBT3906LT1G</field>
        <field name="Footprint">SOT-23_ONS</field>
        <field name="Datasheet">MMBT3906LT1G</field>
        <field name="Description"/>
      </fields>
      <pins>
        <pin num="1" name="B" type="unspecified"/>
        <pin num="2" name="E" type="unspecified"/>
        <pin num="3" name="C" type="unspecified"/>
      </pins>
    </libpart>
    <libpart lib="TLC59211IN" part="TLC59211IPWR">
      <docs>TLC59211IPWR</docs>
      <footprints>
        <fp>PW20</fp>
        <fp>PW20-M</fp>
        <fp>PW20-L</fp>
      </footprints>
      <fields>
        <field name="Reference">U3</field>
        <field name="Value">TLC59211IPWR</field>
        <field name="Footprint">PW20</field>
        <field name="Datasheet">TLC59211IPWR</field>
        <field name="Description"/>
      </fields>
      <pins>
        <pin num="1" name="NC" type="unspecified"/>
        <pin num="2" name="D1" type="input"/>
        <pin num="3" name="D2" type="input"/>
        <pin num="4" name="D3" type="input"/>
        <pin num="5" name="D4" type="input"/>
        <pin num="6" name="D5" type="input"/>
        <pin num="7" name="D6" type="input"/>
        <pin num="8" name="D7" type="input"/>
        <pin num="9" name="D8" type="input"/>
        <pin num="10" name="NC" type="unspecified"/>
        <pin num="11" name="GND" type="power_in"/>
        <pin num="12" name="Y8" type="output"/>
        <pin num="13" name="Y7" type="output"/>
        <pin num="14" name="Y6" type="output"/>
        <pin num="15" name="Y5" type="output"/>
        <pin num="16" name="Y4" type="output"/>
        <pin num="17" name="Y3" type="output"/>
        <pin num="18" name="Y2" type="output"/>
        <pin num="19" name="Y1" type="output"/>
        <pin num="20" name="VCC" type="power_in"/>
      </pins>
    </libpart>
  </libparts>
  <libraries>
    <library logical="74xx">
      <uri>C:\Program Files\KiCad\8.0\share\kicad\symbols\/74xx.kicad_sym</uri>
    </library>
    <library logical="Connector">
      <uri>C:\Program Files\KiCad\8.0\share\kicad\symbols\/Connector.kicad_sym</uri>
    </library>
    <library logical="Device">
      <uri>C:\Program Files\KiCad\8.0\share\kicad\symbols\/Device.kicad_sym</uri>
    </library>
    <library logical="Display_Character">
      <uri>C:\Program Files\KiCad\8.0\share\kicad\symbols\/Display_Character.kicad_sym</uri>
    </library>
    <library logical="MMBT3906LT1G">
      <uri>\\wsl.localhost\Ubuntu\home\nirajmmenon\ece362\sp25\7-seg-card/MMBT3906LT1G/KiCADv6/2024-11-30_07-22-35.kicad_sym</uri>
    </library>
    <library logical="TLC59211IN">
      <uri>\\wsl.localhost\Ubuntu\home\nirajmmenon\ece362\sp25\7-seg-card/TLC59211/2024-04-09_19-52-33.kicad_sym</uri>
    </library>
  </libraries>
  <nets>
    <net code="1" name="+3V0">
      <node ref="J2" pin="1" pinfunction="Pin_1" pintype="passive"/>
      <node ref="U10" pin="2" pinfunction="E" pintype="unspecified"/>
      <node ref="U11" pin="2" pinfunction="E" pintype="unspecified"/>
      <node ref="U12" pin="2" pinfunction="E" pintype="unspecified"/>
      <node ref="U3" pin="20" pinfunction="VCC" pintype="power_in"/>
      <node ref="U4" pin="16" pinfunction="VCC" pintype="power_in"/>
      <node ref="U4" pin="6" pinfunction="E2" pintype="input"/>
      <node ref="U5" pin="2" pinfunction="E" pintype="unspecified"/>
      <node ref="U6" pin="2" pinfunction="E" pintype="unspecified"/>
      <node ref="U7" pin="2" pinfunction="E" pintype="unspecified"/>
      <node ref="U8" pin="2" pinfunction="E" pintype="unspecified"/>
      <node ref="U9" pin="2" pinfunction="E" pintype="unspecified"/>
    </net>
    <net code="2" name="D1">
      <node ref="J2" pin="10" pinfunction="Pin_10" pintype="passive"/>
      <node ref="U3" pin="2" pinfunction="D1" pintype="input"/>
    </net>
    <net code="3" name="D2">
      <node ref="J2" pin="9" pinfunction="Pin_9" pintype="passive"/>
      <node ref="U3" pin="3" pinfunction="D2" pintype="input"/>
    </net>
    <net code="4" name="D3">
      <node ref="J2" pin="8" pinfunction="Pin_8" pintype="passive"/>
      <node ref="U3" pin="4" pinfunction="D3" pintype="input"/>
    </net>
    <net code="5" name="D4">
      <node ref="J2" pin="7" pinfunction="Pin_7" pintype="passive"/>
      <node ref="U3" pin="5" pinfunction="D4" pintype="input"/>
    </net>
    <net code="6" name="D5">
      <node ref="J2" pin="6" pinfunction="Pin_6" pintype="passive"/>
      <node ref="U3" pin="6" pinfunction="D5" pintype="input"/>
    </net>
    <net code="7" name="D6">
      <node ref="J2" pin="5" pinfunction="Pin_5" pintype="passive"/>
      <node ref="U3" pin="7" pinfunction="D6" pintype="input"/>
    </net>
    <net code="8" name="D7">
      <node ref="J2" pin="4" pinfunction="Pin_4" pintype="passive"/>
      <node ref="U3" pin="8" pinfunction="D7" pintype="input"/>
    </net>
    <net code="9" name="D8">
      <node ref="J2" pin="3" pinfunction="Pin_3" pintype="passive"/>
      <node ref="U3" pin="9" pinfunction="D8" pintype="input"/>
    </net>
    <net code="10" name="GND">
      <node ref="J2" pin="2" pinfunction="Pin_2" pintype="passive"/>
      <node ref="U3" pin="11" pinfunction="GND" pintype="power_in"/>
      <node ref="U4" pin="4" pinfunction="~{E0}" pintype="input"/>
      <node ref="U4" pin="5" pinfunction="~{E1}" pintype="input"/>
      <node ref="U4" pin="8" pinfunction="GND" pintype="power_in"/>
    </net>
    <net code="11" name="Net-(U1-A)">
      <node ref="R6" pin="1" pintype="passive"/>
      <node ref="U1" pin="14" pinfunction="A" pintype="output"/>
      <node ref="U2" pin="14" pinfunction="A" pintype="output"/>
    </net>
    <net code="12" name="Net-(U1-B)">
      <node ref="R4" pin="1" pintype="passive"/>
      <node ref="U1" pin="16" pinfunction="B" pintype="output"/>
      <node ref="U2" pin="16" pinfunction="B" pintype="output"/>
    </net>
    <net code="13" name="Net-(U1-C)">
      <node ref="R7" pin="1" pintype="passive"/>
      <node ref="U1" pin="13" pinfunction="C" pintype="output"/>
      <node ref="U2" pin="13" pinfunction="C" pintype="output"/>
    </net>
    <net code="14" name="Net-(U1-D)">
      <node ref="R1" pin="1" pintype="passive"/>
      <node ref="U1" pin="3" pinfunction="D" pintype="output"/>
      <node ref="U2" pin="3" pinfunction="D" pintype="output"/>
    </net>
    <net code="15" name="Net-(U1-D1)">
      <node ref="U1" pin="1" pinfunction="D1" pintype="input"/>
      <node ref="U6" pin="3" pinfunction="C" pintype="unspecified"/>
    </net>
    <net code="16" name="Net-(U1-D2)">
      <node ref="U1" pin="2" pinfunction="D2" pintype="input"/>
      <node ref="U5" pin="3" pinfunction="C" pintype="unspecified"/>
    </net>
    <net code="17" name="Net-(U1-D3)">
      <node ref="U1" pin="6" pinfunction="D3" pintype="input"/>
      <node ref="U8" pin="3" pinfunction="C" pintype="unspecified"/>
    </net>
    <net code="18" name="Net-(U1-D4)">
      <node ref="U1" pin="8" pinfunction="D4" pintype="input"/>
      <node ref="U7" pin="3" pinfunction="C" pintype="unspecified"/>
    </net>
    <net code="19" name="Net-(U1-DP)">
      <node ref="R3" pin="1" pintype="passive"/>
      <node ref="U1" pin="7" pinfunction="DP" pintype="output"/>
      <node ref="U2" pin="7" pinfunction="DP" pintype="output"/>
    </net>
    <net code="20" name="Net-(U1-E)">
      <node ref="R2" pin="1" pintype="passive"/>
      <node ref="U1" pin="5" pinfunction="E" pintype="output"/>
      <node ref="U2" pin="5" pinfunction="E" pintype="output"/>
    </net>
    <net code="21" name="Net-(U1-F)">
      <node ref="R8" pin="1" pintype="passive"/>
      <node ref="U1" pin="11" pinfunction="F" pintype="output"/>
      <node ref="U2" pin="11" pinfunction="F" pintype="output"/>
    </net>
    <net code="22" name="Net-(U1-G)">
      <node ref="R5" pin="1" pintype="passive"/>
      <node ref="U1" pin="15" pinfunction="G" pintype="output"/>
      <node ref="U2" pin="15" pinfunction="G" pintype="output"/>
    </net>
    <net code="23" name="Net-(U2-D2)">
      <node ref="U2" pin="2" pinfunction="D2" pintype="input"/>
      <node ref="U9" pin="3" pinfunction="C" pintype="unspecified"/>
    </net>
    <net code="24" name="Net-(U3-Y1)">
      <node ref="R1" pin="2" pintype="passive"/>
      <node ref="U3" pin="19" pinfunction="Y1" pintype="output"/>
    </net>
    <net code="25" name="Net-(U3-Y2)">
      <node ref="R2" pin="2" pintype="passive"/>
      <node ref="U3" pin="18" pinfunction="Y2" pintype="output"/>
    </net>
    <net code="26" name="Net-(U3-Y3)">
      <node ref="R3" pin="2" pintype="passive"/>
      <node ref="U3" pin="17" pinfunction="Y3" pintype="output"/>
    </net>
    <net code="27" name="Net-(U3-Y4)">
      <node ref="R4" pin="2" pintype="passive"/>
      <node ref="U3" pin="16" pinfunction="Y4" pintype="output"/>
    </net>
    <net code="28" name="Net-(U3-Y5)">
      <node ref="R5" pin="2" pintype="passive"/>
      <node ref="U3" pin="15" pinfunction="Y5" pintype="output"/>
    </net>
    <net code="29" name="Net-(U3-Y6)">
      <node ref="R6" pin="2" pintype="passive"/>
      <node ref="U3" pin="14" pinfunction="Y6" pintype="output"/>
    </net>
    <net code="30" name="Net-(U3-Y7)">
      <node ref="R7" pin="2" pintype="passive"/>
      <node ref="U3" pin="13" pinfunction="Y7" pintype="output"/>
    </net>
    <net code="31" name="Net-(U3-Y8)">
      <node ref="R8" pin="2" pintype="passive"/>
      <node ref="U3" pin="12" pinfunction="Y8" pintype="output"/>
    </net>
    <net code="32" name="Net-(U4-~{Y0})">
      <node ref="R9" pin="2" pintype="passive"/>
      <node ref="U4" pin="15" pinfunction="~{Y0}" pintype="output"/>
    </net>
    <net code="33" name="Net-(U4-~{Y1})">
      <node ref="R10" pin="2" pintype="passive"/>
      <node ref="U4" pin="14" pinfunction="~{Y1}" pintype="output"/>
    </net>
    <net code="34" name="Net-(U4-~{Y2})">
      <node ref="R11" pin="2" pintype="passive"/>
      <node ref="U4" pin="13" pinfunction="~{Y2}" pintype="output"/>
    </net>
    <net code="35" name="Net-(U4-~{Y3})">
      <node ref="R12" pin="2" pintype="passive"/>
      <node ref="U4" pin="12" pinfunction="~{Y3}" pintype="output"/>
    </net>
    <net code="36" name="Net-(U4-~{Y4})">
      <node ref="R13" pin="2" pintype="passive"/>
      <node ref="U4" pin="11" pinfunction="~{Y4}" pintype="output"/>
    </net>
    <net code="37" name="Net-(U4-~{Y5})">
      <node ref="R14" pin="2" pintype="passive"/>
      <node ref="U4" pin="10" pinfunction="~{Y5}" pintype="output"/>
    </net>
    <net code="38" name="Net-(U4-~{Y6})">
      <node ref="R15" pin="2" pintype="passive"/>
      <node ref="U4" pin="9" pinfunction="~{Y6}" pintype="output"/>
    </net>
    <net code="39" name="Net-(U4-~{Y7})">
      <node ref="R16" pin="2" pintype="passive"/>
      <node ref="U4" pin="7" pinfunction="~{Y7}" pintype="output"/>
    </net>
    <net code="40" name="Net-(U5-B)">
      <node ref="R10" pin="1" pintype="passive"/>
      <node ref="U5" pin="1" pinfunction="B" pintype="unspecified"/>
    </net>
    <net code="41" name="Net-(U6-B)">
      <node ref="R9" pin="1" pintype="passive"/>
      <node ref="U6" pin="1" pinfunction="B" pintype="unspecified"/>
    </net>
    <net code="42" name="Net-(U7-B)">
      <node ref="R12" pin="1" pintype="passive"/>
      <node ref="U7" pin="1" pinfunction="B" pintype="unspecified"/>
    </net>
    <net code="43" name="Net-(U8-B)">
      <node ref="R11" pin="1" pintype="passive"/>
      <node ref="U8" pin="1" pinfunction="B" pintype="unspecified"/>
    </net>
    <net code="44" name="Net-(U9-B)">
      <node ref="R14" pin="1" pintype="passive"/>
      <node ref="U9" pin="1" pinfunction="B" pintype="unspecified"/>
    </net>
    <net code="45" name="Net-(U10-B)">
      <node ref="R13" pin="1" pintype="passive"/>
      <node ref="U10" pin="1" pinfunction="B" pintype="unspecified"/>
    </net>
    <net code="46" name="Net-(U10-C)">
      <node ref="U10" pin="3" pinfunction="C" pintype="unspecified"/>
      <node ref="U2" pin="1" pinfunction="D1" pintype="input"/>
    </net>
    <net code="47" name="Net-(U11-B)">
      <node ref="R16" pin="1" pintype="passive"/>
      <node ref="U11" pin="1" pinfunction="B" pintype="unspecified"/>
    </net>
    <net code="48" name="Net-(U11-C)">
      <node ref="U11" pin="3" pinfunction="C" pintype="unspecified"/>
      <node ref="U2" pin="8" pinfunction="D4" pintype="input"/>
    </net>
    <net code="49" name="Net-(U12-B)">
      <node ref="R15" pin="1" pintype="passive"/>
      <node ref="U12" pin="1" pinfunction="B" pintype="unspecified"/>
    </net>
    <net code="50" name="Net-(U12-C)">
      <node ref="U12" pin="3" pinfunction="C" pintype="unspecified"/>
      <node ref="U2" pin="6" pinfunction="D3" pintype="input"/>
    </net>
    <net code="51" name="SEL0">
      <node ref="J2" pin="13" pinfunction="Pin_13" pintype="passive"/>
      <node ref="U4" pin="1" pinfunction="A0" pintype="input"/>
    </net>
    <net code="52" name="SEL1">
      <node ref="J2" pin="12" pinfunction="Pin_12" pintype="passive"/>
      <node ref="U4" pin="2" pinfunction="A1" pintype="input"/>
    </net>
    <net code="53" name="SEL2">
      <node ref="J2" pin="11" pinfunction="Pin_11" pintype="passive"/>
      <node ref="U4" pin="3" pinfunction="A2" pintype="input"/>
    </net>
    <net code="54" name="unconnected-(U1-L3A-Pad10)">
      <node ref="U1" pin="10" pinfunction="L3A" pintype="input+no_connect"/>
    </net>
    <net code="55" name="unconnected-(U1-L3C-Pad9)">
      <node ref="U1" pin="9" pinfunction="L3C" pintype="output+no_connect"/>
    </net>
    <net code="56" name="unconnected-(U1-L12A-Pad4)">
      <node ref="U1" pin="4" pinfunction="L12A" pintype="input+no_connect"/>
    </net>
    <net code="57" name="unconnected-(U1-L12C-Pad12)">
      <node ref="U1" pin="12" pinfunction="L12C" pintype="output+no_connect"/>
    </net>
    <net code="58" name="unconnected-(U2-L3A-Pad10)">
      <node ref="U2" pin="10" pinfunction="L3A" pintype="input+no_connect"/>
    </net>
    <net code="59" name="unconnected-(U2-L3C-Pad9)">
      <node ref="U2" pin="9" pinfunction="L3C" pintype="output+no_connect"/>
    </net>
    <net code="60" name="unconnected-(U2-L12A-Pad4)">
      <node ref="U2" pin="4" pinfunction="L12A" pintype="input+no_connect"/>
    </net>
    <net code="61" name="unconnected-(U2-L12C-Pad12)">
      <node ref="U2" pin="12" pinfunction="L12C" pintype="output+no_connect"/>
    </net>
    <net code="62" name="unconnected-(U3-NC-Pad1)">
      <node ref="U3" pin="1" pinfunction="NC" pintype="unspecified+no_connect"/>
    </net>
    <net code="63" name="unconnected-(U3-NC-Pad10)">
      <node ref="U3" pin="10" pinfunction="NC" pintype="unspecified+no_connect"/>
    </net>
  </nets>
</export>
